location_name,year,age_name,measure_name,Impact_Number
Andhra Pradesh,2015,20+ years,DALYs (Disability-Adjusted Life Years),1807719.7801051585
Andhra Pradesh,2015,20+ years,Deaths,66617.10527047407
Andhra Pradesh,2016,20+ years,DALYs (Disability-Adjusted Life Years),1843557.4098549515
Andhra Pradesh,2016,20+ years,Deaths,67890.02090244256
Andhra Pradesh,2017,20+ years,DALYs (Disability-Adjusted Life Years),1850583.080804849
Andhra Pradesh,2017,20+ years,Deaths,68452.13268478114
Andhra Pradesh,2018,20+ years,DALYs (Disability-Adjusted Life Years),1823862.459227454
Andhra Pradesh,2018,20+ years,Deaths,68141.49907398195
Andhra Pradesh,2019,20+ years,DALYs (Disability-Adjusted Life Years),1772150.7487246636
Andhra Pradesh,2019,20+ years,Deaths,66937.06155328038
Andhra Pradesh,2020,20+ years,DALYs (Disability-Adjusted Life Years),1745117.8227730114
Andhra Pradesh,2020,20+ years,Deaths,66009.6737809469
Andhra Pradesh,2021,20+ years,DALYs (Disability-Adjusted Life Years),1969558.305874552
Andhra Pradesh,2021,20+ years,Deaths,74884.29319269284
Andhra Pradesh,2022,20+ years,DALYs (Disability-Adjusted Life Years),1767919.989086291
Andhra Pradesh,2022,20+ years,Deaths,67516.50441908177
Andhra Pradesh,2023,20+ years,DALYs (Disability-Adjusted Life Years),1818985.3133899253
Andhra Pradesh,2023,20+ years,Deaths,70036.53247912614
Arunachal Pradesh,2015,20+ years,DALYs (Disability-Adjusted Life Years),16943.32746705877
Arunachal Pradesh,2015,20+ years,Deaths,568.8173546612271
Arunachal Pradesh,2016,20+ years,DALYs (Disability-Adjusted Life Years),17489.52985609975
Arunachal Pradesh,2016,20+ years,Deaths,587.3259690673339
Arunachal Pradesh,2017,20+ years,DALYs (Disability-Adjusted Life Years),17792.963824504182
Arunachal Pradesh,2017,20+ years,Deaths,598.4318202207294
Arunachal Pradesh,2018,20+ years,DALYs (Disability-Adjusted Life Years),17813.765085314102
Arunachal Pradesh,2018,20+ years,Deaths,600.6537533715613
Arunachal Pradesh,2019,20+ years,DALYs (Disability-Adjusted Life Years),17549.149651274955
Arunachal Pradesh,2019,20+ years,Deaths,593.956733424874
Arunachal Pradesh,2020,20+ years,DALYs (Disability-Adjusted Life Years),16800.83994468681
Arunachal Pradesh,2020,20+ years,Deaths,559.1540511346191
Arunachal Pradesh,2021,20+ years,DALYs (Disability-Adjusted Life Years),17762.19466075555
Arunachal Pradesh,2021,20+ years,Deaths,574.4429166510649
Arunachal Pradesh,2022,20+ years,DALYs (Disability-Adjusted Life Years),17194.5446583639
Arunachal Pradesh,2022,20+ years,Deaths,574.1942815111425
Arunachal Pradesh,2023,20+ years,DALYs (Disability-Adjusted Life Years),18239.85142142067
Arunachal Pradesh,2023,20+ years,Deaths,611.6778536911459
Assam,2015,20+ years,DALYs (Disability-Adjusted Life Years),882395.8064443383
Assam,2015,20+ years,Deaths,32229.048054680603
Assam,2016,20+ years,DALYs (Disability-Adjusted Life Years),920366.4137066714
Assam,2016,20+ years,Deaths,33724.76449100727
Assam,2017,20+ years,DALYs (Disability-Adjusted Life Years),949325.7494753388
Assam,2017,20+ years,Deaths,34935.53817281331
Assam,2018,20+ years,DALYs (Disability-Adjusted Life Years),969151.7791633876
Assam,2018,20+ years,Deaths,35860.03117222517
Assam,2019,20+ years,DALYs (Disability-Adjusted Life Years),958528.0206519312
Assam,2019,20+ years,Deaths,35555.89755502201
Assam,2020,20+ years,DALYs (Disability-Adjusted Life Years),909805.1314027112
Assam,2020,20+ years,Deaths,33363.15913494438
Assam,2021,20+ years,DALYs (Disability-Adjusted Life Years),909045.0020167534
Assam,2021,20+ years,Deaths,32053.87079852293
Assam,2022,20+ years,DALYs (Disability-Adjusted Life Years),933048.9379863256
Assam,2022,20+ years,Deaths,34630.913269943056
Assam,2023,20+ years,DALYs (Disability-Adjusted Life Years),1000789.7513933376
Assam,2023,20+ years,Deaths,37201.03550296733
Bihar,2015,20+ years,DALYs (Disability-Adjusted Life Years),3008565.575092932
Bihar,2015,20+ years,Deaths,122435.64419718063
Bihar,2016,20+ years,DALYs (Disability-Adjusted Life Years),3197052.992463018
Bihar,2016,20+ years,Deaths,130451.9268756951
Bihar,2017,20+ years,DALYs (Disability-Adjusted Life Years),3244285.3808077904
Bihar,2017,20+ years,Deaths,132279.9105405427
Bihar,2018,20+ years,DALYs (Disability-Adjusted Life Years),3315383.911340256
Bihar,2018,20+ years,Deaths,134754.3893210124
Bihar,2019,20+ years,DALYs (Disability-Adjusted Life Years),3260734.695776819
Bihar,2019,20+ years,Deaths,131750.40110903417
Bihar,2020,20+ years,DALYs (Disability-Adjusted Life Years),2984848.2610041555
Bihar,2020,20+ years,Deaths,118505.39597429692
Bihar,2021,20+ years,DALYs (Disability-Adjusted Life Years),3123334.277569347
Bihar,2021,20+ years,Deaths,119992.26651763116
Bihar,2022,20+ years,DALYs (Disability-Adjusted Life Years),3286329.632750981
Bihar,2022,20+ years,Deaths,133128.79496572487
Bihar,2023,20+ years,DALYs (Disability-Adjusted Life Years),3433222.937002038
Bihar,2023,20+ years,Deaths,139745.64795083104
Chhattisgarh,2015,20+ years,DALYs (Disability-Adjusted Life Years),1157234.0124980202
Chhattisgarh,2015,20+ years,Deaths,44656.12260326347
Chhattisgarh,2016,20+ years,DALYs (Disability-Adjusted Life Years),1238720.1842055374
Chhattisgarh,2016,20+ years,Deaths,47791.43692013569
Chhattisgarh,2017,20+ years,DALYs (Disability-Adjusted Life Years),1279400.4325673163
Chhattisgarh,2017,20+ years,Deaths,49312.70892710031
Chhattisgarh,2018,20+ years,DALYs (Disability-Adjusted Life Years),1306854.857052388
Chhattisgarh,2018,20+ years,Deaths,50423.00915161278
Chhattisgarh,2019,20+ years,DALYs (Disability-Adjusted Life Years),1304776.1992204003
Chhattisgarh,2019,20+ years,Deaths,50433.31009207866
Chhattisgarh,2020,20+ years,DALYs (Disability-Adjusted Life Years),1257931.9463249173
Chhattisgarh,2020,20+ years,Deaths,48441.87346987859
Chhattisgarh,2021,20+ years,DALYs (Disability-Adjusted Life Years),1442128.1242150385
Chhattisgarh,2021,20+ years,Deaths,54353.43325682369
Chhattisgarh,2022,20+ years,DALYs (Disability-Adjusted Life Years),1304370.2929507785
Chhattisgarh,2022,20+ years,Deaths,49279.12263508648
Chhattisgarh,2023,20+ years,DALYs (Disability-Adjusted Life Years),1339710.280215941
Chhattisgarh,2023,20+ years,Deaths,50609.4252642094
Delhi,2015,20+ years,DALYs (Disability-Adjusted Life Years),418660.5673407825
Delhi,2015,20+ years,Deaths,15848.460299477969
Delhi,2016,20+ years,DALYs (Disability-Adjusted Life Years),427140.388785241
Delhi,2016,20+ years,Deaths,16254.468993911056
Delhi,2017,20+ years,DALYs (Disability-Adjusted Life Years),412144.4014034475
Delhi,2017,20+ years,Deaths,15683.137440731138
Delhi,2018,20+ years,DALYs (Disability-Adjusted Life Years),408978.5379205859
Delhi,2018,20+ years,Deaths,15627.066469407937
Delhi,2019,20+ years,DALYs (Disability-Adjusted Life Years),393790.4173402984
Delhi,2019,20+ years,Deaths,15111.514295941031
Delhi,2020,20+ years,DALYs (Disability-Adjusted Life Years),436604.29880094575
Delhi,2020,20+ years,Deaths,17000.880629513416
Delhi,2021,20+ years,DALYs (Disability-Adjusted Life Years),487390.3956607334
Delhi,2021,20+ years,Deaths,18450.49301826984
Delhi,2022,20+ years,DALYs (Disability-Adjusted Life Years),429389.8308816134
Delhi,2022,20+ years,Deaths,16605.668628874333
Delhi,2023,20+ years,DALYs (Disability-Adjusted Life Years),440826.1470876544
Delhi,2023,20+ years,Deaths,17101.412278540694
Goa,2015,20+ years,DALYs (Disability-Adjusted Life Years),46495.541493950994
Goa,2015,20+ years,Deaths,1781.045432684785
Goa,2016,20+ years,DALYs (Disability-Adjusted Life Years),47363.86233296905
Goa,2016,20+ years,Deaths,1826.445452954164
Goa,2017,20+ years,DALYs (Disability-Adjusted Life Years),47876.26338556175
Goa,2017,20+ years,Deaths,1860.431264996904
Goa,2018,20+ years,DALYs (Disability-Adjusted Life Years),48133.48955644586
Goa,2018,20+ years,Deaths,1885.1350408906528
Goa,2019,20+ years,DALYs (Disability-Adjusted Life Years),47171.13804266827
Goa,2019,20+ years,Deaths,1860.030161061898
Goa,2020,20+ years,DALYs (Disability-Adjusted Life Years),45907.21179957619
Goa,2020,20+ years,Deaths,1791.1086573465425
Goa,2021,20+ years,DALYs (Disability-Adjusted Life Years),51083.48817058122
Goa,2021,20+ years,Deaths,1935.56930416048
Goa,2022,20+ years,DALYs (Disability-Adjusted Life Years),49038.11744635747
Goa,2022,20+ years,Deaths,1981.9552452980845
Goa,2023,20+ years,DALYs (Disability-Adjusted Life Years),50392.25737256779
Goa,2023,20+ years,Deaths,2056.7044252154788
Gujarat,2015,20+ years,DALYs (Disability-Adjusted Life Years),1953292.785390018
Gujarat,2015,20+ years,Deaths,73526.34180310147
Gujarat,2016,20+ years,DALYs (Disability-Adjusted Life Years),2020166.8876559087
Gujarat,2016,20+ years,Deaths,76378.45728468765
Gujarat,2017,20+ years,DALYs (Disability-Adjusted Life Years),2064116.939503572
Gujarat,2017,20+ years,Deaths,78568.2989288854
Gujarat,2018,20+ years,DALYs (Disability-Adjusted Life Years),2077478.8581659235
Gujarat,2018,20+ years,Deaths,79784.93776364444
Gujarat,2019,20+ years,DALYs (Disability-Adjusted Life Years),2102819.86990064
Gujarat,2019,20+ years,Deaths,81498.13250793453
Gujarat,2020,20+ years,DALYs (Disability-Adjusted Life Years),2146401.7427101927
Gujarat,2020,20+ years,Deaths,82831.82396295373
Gujarat,2021,20+ years,DALYs (Disability-Adjusted Life Years),2892798.0243802685
Gujarat,2021,20+ years,Deaths,110942.1548741493
Gujarat,2022,20+ years,DALYs (Disability-Adjusted Life Years),2185405.518651312
Gujarat,2022,20+ years,Deaths,85443.09981964389
Gujarat,2023,20+ years,DALYs (Disability-Adjusted Life Years),2251606.8331637685
Gujarat,2023,20+ years,Deaths,88507.85516274977
Haryana,2015,20+ years,DALYs (Disability-Adjusted Life Years),940765.9775978246
Haryana,2015,20+ years,Deaths,36029.67172057969
Haryana,2016,20+ years,DALYs (Disability-Adjusted Life Years),989646.8250056958
Haryana,2016,20+ years,Deaths,38198.53729873596
Haryana,2017,20+ years,DALYs (Disability-Adjusted Life Years),1006235.1580025865
Haryana,2017,20+ years,Deaths,39219.167712511895
Haryana,2018,20+ years,DALYs (Disability-Adjusted Life Years),1030909.1494375636
Haryana,2018,20+ years,Deaths,40683.73132343755
Haryana,2019,20+ years,DALYs (Disability-Adjusted Life Years),1019885.0866348664
Haryana,2019,20+ years,Deaths,40828.41113365622
Haryana,2020,20+ years,DALYs (Disability-Adjusted Life Years),996612.4436412104
Haryana,2020,20+ years,Deaths,39831.346409074
Haryana,2021,20+ years,DALYs (Disability-Adjusted Life Years),1108145.394853396
Haryana,2021,20+ years,Deaths,43613.50219535219
Haryana,2022,20+ years,DALYs (Disability-Adjusted Life Years),1010882.9924514898
Haryana,2022,20+ years,Deaths,40113.21160740881
Haryana,2023,20+ years,DALYs (Disability-Adjusted Life Years),1042797.0632562556
Haryana,2023,20+ years,Deaths,41416.14919816598
Himachal Pradesh,2015,20+ years,DALYs (Disability-Adjusted Life Years),213967.71091171127
Himachal Pradesh,2015,20+ years,Deaths,9067.28105163292
Himachal Pradesh,2016,20+ years,DALYs (Disability-Adjusted Life Years),216820.1667674451
Himachal Pradesh,2016,20+ years,Deaths,9265.22206906643
Himachal Pradesh,2017,20+ years,DALYs (Disability-Adjusted Life Years),220704.18498379723
Himachal Pradesh,2017,20+ years,Deaths,9481.403027413033
Himachal Pradesh,2018,20+ years,DALYs (Disability-Adjusted Life Years),224156.2427455652
Himachal Pradesh,2018,20+ years,Deaths,9691.201070612651
Himachal Pradesh,2019,20+ years,DALYs (Disability-Adjusted Life Years),222064.04091846416
Himachal Pradesh,2019,20+ years,Deaths,9723.76711350863
Himachal Pradesh,2020,20+ years,DALYs (Disability-Adjusted Life Years),204671.7549563948
Himachal Pradesh,2020,20+ years,Deaths,8918.914726370002
Himachal Pradesh,2021,20+ years,DALYs (Disability-Adjusted Life Years),215351.1624563748
Himachal Pradesh,2021,20+ years,Deaths,9123.936396357589
Himachal Pradesh,2022,20+ years,DALYs (Disability-Adjusted Life Years),226657.0308376449
Himachal Pradesh,2022,20+ years,Deaths,9548.178739811689
Himachal Pradesh,2023,20+ years,DALYs (Disability-Adjusted Life Years),234319.2148915088
Himachal Pradesh,2023,20+ years,Deaths,9873.99335190343
Jammu & Kashmir and Ladakh,2015,20+ years,DALYs (Disability-Adjusted Life Years),297617.14024476515
Jammu & Kashmir and Ladakh,2015,20+ years,Deaths,11116.744392080873
Jammu & Kashmir and Ladakh,2016,20+ years,DALYs (Disability-Adjusted Life Years),310320.953096685
Jammu & Kashmir and Ladakh,2016,20+ years,Deaths,11533.659079371137
Jammu & Kashmir and Ladakh,2017,20+ years,DALYs (Disability-Adjusted Life Years),314207.6132744533
Jammu & Kashmir and Ladakh,2017,20+ years,Deaths,11682.75468242323
Jammu & Kashmir and Ladakh,2018,20+ years,DALYs (Disability-Adjusted Life Years),316690.269564967
Jammu & Kashmir and Ladakh,2018,20+ years,Deaths,11875.39221406734
Jammu & Kashmir and Ladakh,2019,20+ years,DALYs (Disability-Adjusted Life Years),311421.93920228706
Jammu & Kashmir and Ladakh,2019,20+ years,Deaths,11831.992369165502
Jammu & Kashmir and Ladakh,2020,20+ years,DALYs (Disability-Adjusted Life Years),282955.0258730893
Jammu & Kashmir and Ladakh,2020,20+ years,Deaths,10599.178267034404
Jammu & Kashmir and Ladakh,2021,20+ years,DALYs (Disability-Adjusted Life Years),301974.2717941454
Jammu & Kashmir and Ladakh,2021,20+ years,Deaths,11361.63280151122
Jammu & Kashmir and Ladakh,2022,20+ years,DALYs (Disability-Adjusted Life Years),311506.5570984017
Jammu & Kashmir and Ladakh,2022,20+ years,Deaths,12060.696290131498
Jammu & Kashmir and Ladakh,2023,20+ years,DALYs (Disability-Adjusted Life Years),320549.4870914918
Jammu & Kashmir and Ladakh,2023,20+ years,Deaths,12465.726839658848
Jharkhand,2015,20+ years,DALYs (Disability-Adjusted Life Years),865806.9688051975
Jharkhand,2015,20+ years,Deaths,31952.13068646099
Jharkhand,2016,20+ years,DALYs (Disability-Adjusted Life Years),929023.4041586797
Jharkhand,2016,20+ years,Deaths,34566.11985362403
Jharkhand,2017,20+ years,DALYs (Disability-Adjusted Life Years),964239.3033786116
Jharkhand,2017,20+ years,Deaths,36204.63530081147
Jharkhand,2018,20+ years,DALYs (Disability-Adjusted Life Years),997262.952133797
Jharkhand,2018,20+ years,Deaths,37829.19864638119
Jharkhand,2019,20+ years,DALYs (Disability-Adjusted Life Years),1005266.5053082916
Jharkhand,2019,20+ years,Deaths,38463.7024113678
Jharkhand,2020,20+ years,DALYs (Disability-Adjusted Life Years),956235.0662969224
Jharkhand,2020,20+ years,Deaths,36385.044391886375
Jharkhand,2021,20+ years,DALYs (Disability-Adjusted Life Years),1031953.4083625202
Jharkhand,2021,20+ years,Deaths,38657.857473148986
Jharkhand,2022,20+ years,DALYs (Disability-Adjusted Life Years),1048683.850259522
Jharkhand,2022,20+ years,Deaths,40577.57835295088
Jharkhand,2023,20+ years,DALYs (Disability-Adjusted Life Years),1086347.581340776
Jharkhand,2023,20+ years,Deaths,42218.145675321
Karnataka,2015,20+ years,DALYs (Disability-Adjusted Life Years),2343005.629842436
Karnataka,2015,20+ years,Deaths,94482.58863195743
Karnataka,2016,20+ years,DALYs (Disability-Adjusted Life Years),2403496.5081698773
Karnataka,2016,20+ years,Deaths,96995.12487589769
Karnataka,2017,20+ years,DALYs (Disability-Adjusted Life Years),2398260.2641754067
Karnataka,2017,20+ years,Deaths,96790.99403949176
Karnataka,2018,20+ years,DALYs (Disability-Adjusted Life Years),2348237.286344545
Karnataka,2018,20+ years,Deaths,94990.00238882538
Karnataka,2019,20+ years,DALYs (Disability-Adjusted Life Years),2259724.60628199
Karnataka,2019,20+ years,Deaths,91476.2757633287
Karnataka,2020,20+ years,DALYs (Disability-Adjusted Life Years),2266681.4057732043
Karnataka,2020,20+ years,Deaths,91058.44954003462
Karnataka,2021,20+ years,DALYs (Disability-Adjusted Life Years),2534201.506024101
Karnataka,2021,20+ years,Deaths,98863.73697035832
Karnataka,2022,20+ years,DALYs (Disability-Adjusted Life Years),2275665.922207282
Karnataka,2022,20+ years,Deaths,91864.96642416393
Karnataka,2023,20+ years,DALYs (Disability-Adjusted Life Years),2318883.094014252
Karnataka,2023,20+ years,Deaths,94032.12813636326
Kerala,2015,20+ years,DALYs (Disability-Adjusted Life Years),1132322.744978356
Kerala,2015,20+ years,Deaths,48926.24403569223
Kerala,2016,20+ years,DALYs (Disability-Adjusted Life Years),1148721.2159391695
Kerala,2016,20+ years,Deaths,50006.95122753933
Kerala,2017,20+ years,DALYs (Disability-Adjusted Life Years),1153445.323242399
Kerala,2017,20+ years,Deaths,50619.200821194434
Kerala,2018,20+ years,DALYs (Disability-Adjusted Life Years),1120303.5241695978
Kerala,2018,20+ years,Deaths,49510.482581329554
Kerala,2019,20+ years,DALYs (Disability-Adjusted Life Years),1062935.9545888954
Kerala,2019,20+ years,Deaths,47185.34755918055
Kerala,2020,20+ years,DALYs (Disability-Adjusted Life Years),960495.894556965
Kerala,2020,20+ years,Deaths,42407.611444353184
Kerala,2021,20+ years,DALYs (Disability-Adjusted Life Years),951232.3923790348
Kerala,2021,20+ years,Deaths,41000.65534521168
Kerala,2022,20+ years,DALYs (Disability-Adjusted Life Years),1049875.3581259786
Kerala,2022,20+ years,Deaths,46684.39780910085
Kerala,2023,20+ years,DALYs (Disability-Adjusted Life Years),1042087.0326209398
Kerala,2023,20+ years,Deaths,46324.6118883137
Madhya Pradesh,2015,20+ years,DALYs (Disability-Adjusted Life Years),2478865.9355793865
Madhya Pradesh,2015,20+ years,Deaths,99337.36626951992
Madhya Pradesh,2016,20+ years,DALYs (Disability-Adjusted Life Years),2549160.0208591023
Madhya Pradesh,2016,20+ years,Deaths,101824.39776912318
Madhya Pradesh,2017,20+ years,DALYs (Disability-Adjusted Life Years),2558109.4713975503
Madhya Pradesh,2017,20+ years,Deaths,101837.58693726662
Madhya Pradesh,2018,20+ years,DALYs (Disability-Adjusted Life Years),2566403.3034714186
Madhya Pradesh,2018,20+ years,Deaths,101811.91566763764
Madhya Pradesh,2019,20+ years,DALYs (Disability-Adjusted Life Years),2541954.965850414
Madhya Pradesh,2019,20+ years,Deaths,100284.8633713654
Madhya Pradesh,2020,20+ years,DALYs (Disability-Adjusted Life Years),2413941.0328501635
Madhya Pradesh,2020,20+ years,Deaths,92856.85141159002
Madhya Pradesh,2021,20+ years,DALYs (Disability-Adjusted Life Years),2759870.536498672
Madhya Pradesh,2021,20+ years,Deaths,101171.08840168544
Madhya Pradesh,2022,20+ years,DALYs (Disability-Adjusted Life Years),2669516.258608676
Madhya Pradesh,2022,20+ years,Deaths,107058.4072423588
Madhya Pradesh,2023,20+ years,DALYs (Disability-Adjusted Life Years),2801758.364903034
Madhya Pradesh,2023,20+ years,Deaths,112902.6174939779
Maharashtra,2015,20+ years,DALYs (Disability-Adjusted Life Years),3385287.5639297143
Maharashtra,2015,20+ years,Deaths,132881.4413966861
Maharashtra,2016,20+ years,DALYs (Disability-Adjusted Life Years),3443815.9659467414
Maharashtra,2016,20+ years,Deaths,137241.30284827724
Maharashtra,2017,20+ years,DALYs (Disability-Adjusted Life Years),3527326.839191033
Maharashtra,2017,20+ years,Deaths,143557.94328496396
Maharashtra,2018,20+ years,DALYs (Disability-Adjusted Life Years),3825508.991892179
Maharashtra,2018,20+ years,Deaths,156642.59927416765
Maharashtra,2019,20+ years,DALYs (Disability-Adjusted Life Years),3383887.2020248566
Maharashtra,2019,20+ years,Deaths,138880.13527724982
Maharashtra,2020,20+ years,DALYs (Disability-Adjusted Life Years),2986133.8827171675
Maharashtra,2020,20+ years,Deaths,121865.04129637445
Maharashtra,2021,20+ years,DALYs (Disability-Adjusted Life Years),3370991.5048059383
Maharashtra,2021,20+ years,Deaths,134793.68869876073
Maharashtra,2022,20+ years,DALYs (Disability-Adjusted Life Years),3762116.503662684
Maharashtra,2022,20+ years,Deaths,159211.7437949418
Maharashtra,2023,20+ years,DALYs (Disability-Adjusted Life Years),3955889.7653252953
Maharashtra,2023,20+ years,Deaths,168869.93267654293
Manipur,2015,20+ years,DALYs (Disability-Adjusted Life Years),67513.03372874823
Manipur,2015,20+ years,Deaths,2486.940570214223
Manipur,2016,20+ years,DALYs (Disability-Adjusted Life Years),70833.17446411621
Manipur,2016,20+ years,Deaths,2605.0151554129766
Manipur,2017,20+ years,DALYs (Disability-Adjusted Life Years),72769.08521835184
Manipur,2017,20+ years,Deaths,2674.9154471512743
Manipur,2018,20+ years,DALYs (Disability-Adjusted Life Years),74459.9520574401
Manipur,2018,20+ years,Deaths,2748.763381236492
Manipur,2019,20+ years,DALYs (Disability-Adjusted Life Years),73955.01092933072
Manipur,2019,20+ years,Deaths,2741.717185074246
Manipur,2020,20+ years,DALYs (Disability-Adjusted Life Years),70985.65452388472
Manipur,2020,20+ years,Deaths,2586.447577659384
Manipur,2021,20+ years,DALYs (Disability-Adjusted Life Years),82918.02745245595
Manipur,2021,20+ years,Deaths,2908.140159020528
Manipur,2022,20+ years,DALYs (Disability-Adjusted Life Years),75037.44721367946
Manipur,2022,20+ years,Deaths,2742.9986603496186
Manipur,2023,20+ years,DALYs (Disability-Adjusted Life Years),80566.69638115817
Manipur,2023,20+ years,Deaths,2961.606692493599
Meghalaya,2015,20+ years,DALYs (Disability-Adjusted Life Years),39128.2736810657
Meghalaya,2015,20+ years,Deaths,1356.1883574314909
Meghalaya,2016,20+ years,DALYs (Disability-Adjusted Life Years),41889.6581105567
Meghalaya,2016,20+ years,Deaths,1456.6480144635775
Meghalaya,2017,20+ years,DALYs (Disability-Adjusted Life Years),43865.572782444855
Meghalaya,2017,20+ years,Deaths,1533.117830862542
Meghalaya,2018,20+ years,DALYs (Disability-Adjusted Life Years),45215.548151662886
Meghalaya,2018,20+ years,Deaths,1589.917549698
Meghalaya,2019,20+ years,DALYs (Disability-Adjusted Life Years),45283.06873885114
Meghalaya,2019,20+ years,Deaths,1600.46776584882
Meghalaya,2020,20+ years,DALYs (Disability-Adjusted Life Years),43454.34291459451
Meghalaya,2020,20+ years,Deaths,1507.5627519642817
Meghalaya,2021,20+ years,DALYs (Disability-Adjusted Life Years),50367.25900068774
Meghalaya,2021,20+ years,Deaths,1672.1220242717366
Meghalaya,2022,20+ years,DALYs (Disability-Adjusted Life Years),44944.53231900501
Meghalaya,2022,20+ years,Deaths,1563.693223744105
Meghalaya,2023,20+ years,DALYs (Disability-Adjusted Life Years),48523.18260693338
Meghalaya,2023,20+ years,Deaths,1700.527771621835
Mizoram,2015,20+ years,DALYs (Disability-Adjusted Life Years),16093.388895200324
Mizoram,2015,20+ years,Deaths,641.1027067831498
Mizoram,2016,20+ years,DALYs (Disability-Adjusted Life Years),17543.271307084236
Mizoram,2016,20+ years,Deaths,701.6225364313045
Mizoram,2017,20+ years,DALYs (Disability-Adjusted Life Years),18074.346646954124
Mizoram,2017,20+ years,Deaths,724.0375642237473
Mizoram,2018,20+ years,DALYs (Disability-Adjusted Life Years),18426.145878681204
Mizoram,2018,20+ years,Deaths,743.1371835824641
Mizoram,2019,20+ years,DALYs (Disability-Adjusted Life Years),18381.36445532141
Mizoram,2019,20+ years,Deaths,748.0592496918749
Mizoram,2020,20+ years,DALYs (Disability-Adjusted Life Years),17467.060901929723
Mizoram,2020,20+ years,Deaths,698.524525520551
Mizoram,2021,20+ years,DALYs (Disability-Adjusted Life Years),17980.227022034727
Mizoram,2021,20+ years,Deaths,683.4388013992073
Mizoram,2022,20+ years,DALYs (Disability-Adjusted Life Years),17342.86112584838
Mizoram,2022,20+ years,Deaths,690.0550461135398
Mizoram,2023,20+ years,DALYs (Disability-Adjusted Life Years),19182.94662136905
Mizoram,2023,20+ years,Deaths,778.8776897276703
Nagaland,2015,20+ years,DALYs (Disability-Adjusted Life Years),28845.489126981523
Nagaland,2015,20+ years,Deaths,1086.1103052341257
Nagaland,2016,20+ years,DALYs (Disability-Adjusted Life Years),29324.662155300328
Nagaland,2016,20+ years,Deaths,1106.360151041608
Nagaland,2017,20+ years,DALYs (Disability-Adjusted Life Years),29505.564229268817
Nagaland,2017,20+ years,Deaths,1115.1953830753523
Nagaland,2018,20+ years,DALYs (Disability-Adjusted Life Years),29512.153733695573
Nagaland,2018,20+ years,Deaths,1122.0319990134751
Nagaland,2019,20+ years,DALYs (Disability-Adjusted Life Years),28741.219050933792
Nagaland,2019,20+ years,Deaths,1100.2099264092046
Nagaland,2020,20+ years,DALYs (Disability-Adjusted Life Years),27554.653033643182
Nagaland,2020,20+ years,Deaths,1037.5674246915776
Nagaland,2021,20+ years,DALYs (Disability-Adjusted Life Years),32258.041899947333
Nagaland,2021,20+ years,Deaths,1156.521200455389
Nagaland,2022,20+ years,DALYs (Disability-Adjusted Life Years),27408.5927554968
Nagaland,2022,20+ years,Deaths,1034.0477048506932
Nagaland,2023,20+ years,DALYs (Disability-Adjusted Life Years),28556.73940173223
Nagaland,2023,20+ years,Deaths,1081.9203143932143
Odisha,2015,20+ years,DALYs (Disability-Adjusted Life Years),1208177.1132795345
Odisha,2015,20+ years,Deaths,43793.404039796034
Odisha,2016,20+ years,DALYs (Disability-Adjusted Life Years),1297776.4332660378
Odisha,2016,20+ years,Deaths,47223.74728407592
Odisha,2017,20+ years,DALYs (Disability-Adjusted Life Years),1363304.543069955
Odisha,2017,20+ years,Deaths,49842.108775995854
Odisha,2018,20+ years,DALYs (Disability-Adjusted Life Years),1408629.148828039
Odisha,2018,20+ years,Deaths,51955.44247871511
Odisha,2019,20+ years,DALYs (Disability-Adjusted Life Years),1438558.303158981
Odisha,2019,20+ years,Deaths,53681.333627310654
Odisha,2020,20+ years,DALYs (Disability-Adjusted Life Years),1404243.6242750247
Odisha,2020,20+ years,Deaths,52326.67013991286
Odisha,2021,20+ years,DALYs (Disability-Adjusted Life Years),1497704.7125520827
Odisha,2021,20+ years,Deaths,55234.89910338308
Odisha,2022,20+ years,DALYs (Disability-Adjusted Life Years),1531792.4106172367
Odisha,2022,20+ years,Deaths,58699.661966838896
Odisha,2023,20+ years,DALYs (Disability-Adjusted Life Years),1608932.899152294
Odisha,2023,20+ years,Deaths,62041.00750437108
Other Union Territories,2015,20+ years,DALYs (Disability-Adjusted Life Years),71335.51836353216
Other Union Territories,2015,20+ years,Deaths,2551.774452362981
Other Union Territories,2016,20+ years,DALYs (Disability-Adjusted Life Years),74511.0954194913
Other Union Territories,2016,20+ years,Deaths,2674.8410417217897
Other Union Territories,2017,20+ years,DALYs (Disability-Adjusted Life Years),76132.44628100807
Other Union Territories,2017,20+ years,Deaths,2745.532588555555
Other Union Territories,2018,20+ years,DALYs (Disability-Adjusted Life Years),77143.09851368066
Other Union Territories,2018,20+ years,Deaths,2800.5750157673806
Other Union Territories,2019,20+ years,DALYs (Disability-Adjusted Life Years),76733.34484607834
Other Union Territories,2019,20+ years,Deaths,2808.2509463894075
Other Union Territories,2020,20+ years,DALYs (Disability-Adjusted Life Years),76262.16201029829
Other Union Territories,2020,20+ years,Deaths,2741.946722837824
Other Union Territories,2021,20+ years,DALYs (Disability-Adjusted Life Years),88870.57739503736
Other Union Territories,2021,20+ years,Deaths,3134.1523200671963
Other Union Territories,2022,20+ years,DALYs (Disability-Adjusted Life Years),80958.47934274812
Other Union Territories,2022,20+ years,Deaths,2961.235397752241
Other Union Territories,2023,20+ years,DALYs (Disability-Adjusted Life Years),80940.71492406448
Other Union Territories,2023,20+ years,Deaths,2980.746558261624
Punjab,2015,20+ years,DALYs (Disability-Adjusted Life Years),1091881.112917365
Punjab,2015,20+ years,Deaths,40170.546945592585
Punjab,2016,20+ years,DALYs (Disability-Adjusted Life Years),1167737.6068076964
Punjab,2016,20+ years,Deaths,43054.117636157214
Punjab,2017,20+ years,DALYs (Disability-Adjusted Life Years),1202110.6399580508
Punjab,2017,20+ years,Deaths,44506.08276320018
Punjab,2018,20+ years,DALYs (Disability-Adjusted Life Years),1224380.1864959674
Punjab,2018,20+ years,Deaths,45725.75073534021
Punjab,2019,20+ years,DALYs (Disability-Adjusted Life Years),1205115.1148336092
Punjab,2019,20+ years,Deaths,45440.29385132197
Punjab,2020,20+ years,DALYs (Disability-Adjusted Life Years),1174395.094119788
Punjab,2020,20+ years,Deaths,43652.53869978948
Punjab,2021,20+ years,DALYs (Disability-Adjusted Life Years),1266383.7807423696
Punjab,2021,20+ years,Deaths,45638.6664136773
Punjab,2022,20+ years,DALYs (Disability-Adjusted Life Years),1226536.6327887431
Punjab,2022,20+ years,Deaths,45676.14549486777
Punjab,2023,20+ years,DALYs (Disability-Adjusted Life Years),1254511.8990538644
Punjab,2023,20+ years,Deaths,47266.26014717295
Rajasthan,2015,20+ years,DALYs (Disability-Adjusted Life Years),2368846.845434935
Rajasthan,2015,20+ years,Deaths,95959.77293280471
Rajasthan,2016,20+ years,DALYs (Disability-Adjusted Life Years),2476830.808705112
Rajasthan,2016,20+ years,Deaths,100331.75668978236
Rajasthan,2017,20+ years,DALYs (Disability-Adjusted Life Years),2524768.5759821283
Rajasthan,2017,20+ years,Deaths,102247.0164292314
Rajasthan,2018,20+ years,DALYs (Disability-Adjusted Life Years),2522423.768520525
Rajasthan,2018,20+ years,Deaths,101928.34651317594
Rajasthan,2019,20+ years,DALYs (Disability-Adjusted Life Years),2476542.566608319
Rajasthan,2019,20+ years,Deaths,99839.7082663065
Rajasthan,2020,20+ years,DALYs (Disability-Adjusted Life Years),2252183.627436331
Rajasthan,2020,20+ years,Deaths,88595.63016696714
Rajasthan,2021,20+ years,DALYs (Disability-Adjusted Life Years),2286490.797685261
Rajasthan,2021,20+ years,Deaths,84843.36272732033
Rajasthan,2022,20+ years,DALYs (Disability-Adjusted Life Years),2533110.4527013814
Rajasthan,2022,20+ years,Deaths,101936.9427158207
Rajasthan,2023,20+ years,DALYs (Disability-Adjusted Life Years),2636477.5667022085
Rajasthan,2023,20+ years,Deaths,106335.42540899724
Sikkim,2015,20+ years,DALYs (Disability-Adjusted Life Years),12805.863656329428
Sikkim,2015,20+ years,Deaths,473.503122739824
Sikkim,2016,20+ years,DALYs (Disability-Adjusted Life Years),12928.649617743522
Sikkim,2016,20+ years,Deaths,481.4623007494041
Sikkim,2017,20+ years,DALYs (Disability-Adjusted Life Years),12755.61014951368
Sikkim,2017,20+ years,Deaths,478.2197035995098
Sikkim,2018,20+ years,DALYs (Disability-Adjusted Life Years),12366.613556109378
Sikkim,2018,20+ years,Deaths,466.63247578905657
Sikkim,2019,20+ years,DALYs (Disability-Adjusted Life Years),11743.695062783734
Sikkim,2019,20+ years,Deaths,446.0088124517868
Sikkim,2020,20+ years,DALYs (Disability-Adjusted Life Years),10550.02645891608
Sikkim,2020,20+ years,Deaths,388.41949225396127
Sikkim,2021,20+ years,DALYs (Disability-Adjusted Life Years),10929.312006380904
Sikkim,2021,20+ years,Deaths,388.7194781357143
Sikkim,2022,20+ years,DALYs (Disability-Adjusted Life Years),12024.650514413475
Sikkim,2022,20+ years,Deaths,457.60013707573967
Sikkim,2023,20+ years,DALYs (Disability-Adjusted Life Years),12909.572821465574
Sikkim,2023,20+ years,Deaths,497.3461136859974
Tamil Nadu,2015,20+ years,DALYs (Disability-Adjusted Life Years),2488809.311543727
Tamil Nadu,2015,20+ years,Deaths,95846.50431527752
Tamil Nadu,2016,20+ years,DALYs (Disability-Adjusted Life Years),2490411.9335831366
Tamil Nadu,2016,20+ years,Deaths,95507.35180525368
Tamil Nadu,2017,20+ years,DALYs (Disability-Adjusted Life Years),2443214.300375934
Tamil Nadu,2017,20+ years,Deaths,93354.12062301104
Tamil Nadu,2018,20+ years,DALYs (Disability-Adjusted Life Years),2361502.442956889
Tamil Nadu,2018,20+ years,Deaths,90228.8199007662
Tamil Nadu,2019,20+ years,DALYs (Disability-Adjusted Life Years),2259892.1212744936
Tamil Nadu,2019,20+ years,Deaths,86551.1882274989
Tamil Nadu,2020,20+ years,DALYs (Disability-Adjusted Life Years),2236086.005100595
Tamil Nadu,2020,20+ years,Deaths,85333.60252406419
Tamil Nadu,2021,20+ years,DALYs (Disability-Adjusted Life Years),2502345.40966492
Tamil Nadu,2021,20+ years,Deaths,95710.71325005886
Tamil Nadu,2022,20+ years,DALYs (Disability-Adjusted Life Years),2417962.7358767064
Tamil Nadu,2022,20+ years,Deaths,96127.10365594312
Tamil Nadu,2023,20+ years,DALYs (Disability-Adjusted Life Years),2396187.774244036
Tamil Nadu,2023,20+ years,Deaths,96184.21585040734
Telangana,2015,20+ years,DALYs (Disability-Adjusted Life Years),1808408.842549738
Telangana,2015,20+ years,Deaths,73253.82147299012
Telangana,2016,20+ years,DALYs (Disability-Adjusted Life Years),1878570.6289134831
Telangana,2016,20+ years,Deaths,75856.44157693986
Telangana,2017,20+ years,DALYs (Disability-Adjusted Life Years),1918181.242830348
Telangana,2017,20+ years,Deaths,77450.53623871175
Telangana,2018,20+ years,DALYs (Disability-Adjusted Life Years),1932118.7698651813
Telangana,2018,20+ years,Deaths,78174.89294403733
Telangana,2019,20+ years,DALYs (Disability-Adjusted Life Years),1897066.6394843752
Telangana,2019,20+ years,Deaths,76843.54344422155
Telangana,2020,20+ years,DALYs (Disability-Adjusted Life Years),1811961.7198446773
Telangana,2020,20+ years,Deaths,72791.35705992133
Telangana,2021,20+ years,DALYs (Disability-Adjusted Life Years),1913984.860564896
Telangana,2021,20+ years,Deaths,74644.82095277439
Telangana,2022,20+ years,DALYs (Disability-Adjusted Life Years),1892213.3121415223
Telangana,2022,20+ years,Deaths,78136.52993209803
Telangana,2023,20+ years,DALYs (Disability-Adjusted Life Years),1882739.050549391
Telangana,2023,20+ years,Deaths,78123.67988711431
Tripura,2015,20+ years,DALYs (Disability-Adjusted Life Years),120658.29213251096
Tripura,2015,20+ years,Deaths,4648.30815890329
Tripura,2016,20+ years,DALYs (Disability-Adjusted Life Years),137782.38163742798
Tripura,2016,20+ years,Deaths,5293.157575607654
Tripura,2017,20+ years,DALYs (Disability-Adjusted Life Years),142172.06276962624
Tripura,2017,20+ years,Deaths,5461.421991871929
Tripura,2018,20+ years,DALYs (Disability-Adjusted Life Years),140587.71526815742
Tripura,2018,20+ years,Deaths,5421.238201453574
Tripura,2019,20+ years,DALYs (Disability-Adjusted Life Years),140391.5924250519
Tripura,2019,20+ years,Deaths,5449.070631608754
Tripura,2020,20+ years,DALYs (Disability-Adjusted Life Years),135783.11036737953
Tripura,2020,20+ years,Deaths,5224.151781662945
Tripura,2021,20+ years,DALYs (Disability-Adjusted Life Years),141788.70028527826
Tripura,2021,20+ years,Deaths,5360.618959228249
Tripura,2022,20+ years,DALYs (Disability-Adjusted Life Years),144569.78494750668
Tripura,2022,20+ years,Deaths,5587.423371429823
Tripura,2023,20+ years,DALYs (Disability-Adjusted Life Years),153386.20280655535
Tripura,2023,20+ years,Deaths,5943.629134493957
Uttar Pradesh,2015,20+ years,DALYs (Disability-Adjusted Life Years),7579833.410185468
Uttar Pradesh,2015,20+ years,Deaths,297068.6169568777
Uttar Pradesh,2016,20+ years,DALYs (Disability-Adjusted Life Years),7949867.514963015
Uttar Pradesh,2016,20+ years,Deaths,311538.28566891124
Uttar Pradesh,2017,20+ years,DALYs (Disability-Adjusted Life Years),7992679.511167089
Uttar Pradesh,2017,20+ years,Deaths,314554.8596123868
Uttar Pradesh,2018,20+ years,DALYs (Disability-Adjusted Life Years),8093655.02650984
Uttar Pradesh,2018,20+ years,Deaths,321107.43007074366
Uttar Pradesh,2019,20+ years,DALYs (Disability-Adjusted Life Years),7894437.524220512
Uttar Pradesh,2019,20+ years,Deaths,315241.8722787161
Uttar Pradesh,2020,20+ years,DALYs (Disability-Adjusted Life Years),7233772.031361274
Uttar Pradesh,2020,20+ years,Deaths,285525.5840272499
Uttar Pradesh,2021,20+ years,DALYs (Disability-Adjusted Life Years),7395951.701818528
Uttar Pradesh,2021,20+ years,Deaths,281816.1921909926
Uttar Pradesh,2022,20+ years,DALYs (Disability-Adjusted Life Years),8272162.4476684285
Uttar Pradesh,2022,20+ years,Deaths,328708.1363790533
Uttar Pradesh,2023,20+ years,DALYs (Disability-Adjusted Life Years),8625315.861705067
Uttar Pradesh,2023,20+ years,Deaths,344257.5644295225
Uttarakhand,2015,20+ years,DALYs (Disability-Adjusted Life Years),625585.615872567
Uttarakhand,2015,20+ years,Deaths,24829.895998553748
Uttarakhand,2016,20+ years,DALYs (Disability-Adjusted Life Years),648394.6293134582
Uttarakhand,2016,20+ years,Deaths,25706.102953396952
Uttarakhand,2017,20+ years,DALYs (Disability-Adjusted Life Years),649639.7984600066
Uttarakhand,2017,20+ years,Deaths,25761.62120103621
Uttarakhand,2018,20+ years,DALYs (Disability-Adjusted Life Years),636308.5724164152
Uttarakhand,2018,20+ years,Deaths,25222.993514113
Uttarakhand,2019,20+ years,DALYs (Disability-Adjusted Life Years),592766.1468788504
Uttarakhand,2019,20+ years,Deaths,23526.275478760337
Uttarakhand,2020,20+ years,DALYs (Disability-Adjusted Life Years),538733.8127709617
Uttarakhand,2020,20+ years,Deaths,21090.47406658589
Uttarakhand,2021,20+ years,DALYs (Disability-Adjusted Life Years),528754.1744771175
Uttarakhand,2021,20+ years,Deaths,19829.967674362822
Uttarakhand,2022,20+ years,DALYs (Disability-Adjusted Life Years),610730.9166513942
Uttarakhand,2022,20+ years,Deaths,24011.31513672647
Uttarakhand,2023,20+ years,DALYs (Disability-Adjusted Life Years),625945.3059229825
Uttarakhand,2023,20+ years,Deaths,24621.987522695443
West Bengal,2015,20+ years,DALYs (Disability-Adjusted Life Years),3349997.774527266
West Bengal,2015,20+ years,Deaths,134347.94992266494
West Bengal,2016,20+ years,DALYs (Disability-Adjusted Life Years),3440969.2662072564
West Bengal,2016,20+ years,Deaths,137303.71689891818
West Bengal,2017,20+ years,DALYs (Disability-Adjusted Life Years),3453499.3220739835
West Bengal,2017,20+ years,Deaths,137506.60014840684
West Bengal,2018,20+ years,DALYs (Disability-Adjusted Life Years),3460035.8518916355
West Bengal,2018,20+ years,Deaths,137840.2724316831
West Bengal,2019,20+ years,DALYs (Disability-Adjusted Life Years),3404217.1304773283
West Bengal,2019,20+ years,Deaths,135491.94691313567
West Bengal,2020,20+ years,DALYs (Disability-Adjusted Life Years),3402229.23971966
West Bengal,2020,20+ years,Deaths,134458.77841984693
West Bengal,2021,20+ years,DALYs (Disability-Adjusted Life Years),3863301.7508565257
West Bengal,2021,20+ years,Deaths,148751.5701272437
West Bengal,2022,20+ years,DALYs (Disability-Adjusted Life Years),3481699.8585914285
West Bengal,2022,20+ years,Deaths,140263.52753971211
West Bengal,2023,20+ years,DALYs (Disability-Adjusted Life Years),3728989.334168109
West Bengal,2023,20+ years,Deaths,150922.97607004156
